obs;week;l_housing_price;l_ipsa;l_monetary_policy_rate;l_cash_circulation;l_inflation;l_mortgage_interest_rate;l_csi_300;l_ftse_100;l_dow_jones
31/8/2009;200902;2.419033906;7.816869924;2.085672091;13.84635023;9.973188573;1.750937475;7.556250222;8.419799964;9.084308332
7/9/2009;200903;2.678518398;7.814632725;2.013568798;13.8341449;9.971638203;1.786746927;7.566003514;8.375440623;9.044410101
14/9/2009;200904;2.501030132;7.817978424;1.990883515;13.82307191;9.969265435;1.797244399;7.600175095;8.331532532;9.0127899
21/9/2009;200905;3.035362278;7.835687223;1.98397635;13.81265389;9.96664566;1.776967269;7.630252424;8.340743533;9.009015471
28/9/2009;200906;2.601767371;7.856486222;1.981894863;13.76655602;9.963951571;1.761226376;7.658585891;8.341932503;8.999262685
5/10/2009;200907;2.611020298;7.870578122;1.931803111;13.79581438;9.961450057;1.76248015;7.727405122;8.347449762;8.988780127
12/10/2009;200908;2.623136978;7.868473755;1.685580693;13.82866926;9.959293646;1.743148766;7.752836492;8.313229906;8.941581677
19/10/2009;200909;2.497219203;7.843726151;1.598108974;13.85545581;9.957240987;1.717052696;7.735025256;8.273821847;8.899786702
26/10/2009;200912;2.459127128;7.826673637;1.117794622;13.82647467;9.953513397;1.703688989;7.748627542;8.258938107;8.902197483
2/11/2009;200913;2.596252698;7.837570269;0.913258438;13.82441047;9.951759278;1.694193204;7.788828574;8.268987458;8.942267986
9/11/2009;200918;2.485241088;7.87700342;0.679417977;13.813251;9.951921305;1.523155583;7.831842583;8.319202957;8.984656928
16/11/2009;200920;2.490822796;7.95171043;0.383095952;13.82365778;9.952582242;1.483194823;7.902559803;8.365672569;9.01700974
23/11/2009;200921;2.294690135;8.00352269;0.273871365;13.83562985;9.952463976;1.478896523;7.924740978;8.385762913;9.029835611
30/11/2009;200922;2.616403251;8.028291097;0.238633905;13.84509423;9.952112062;1.49971908;7.919464827;8.389612257;9.035764712
7/12/2009;200923;2.250862497;8.057183442;0.227815904;13.79848615;9.95169009;1.483903958;7.959595346;8.395529715;9.063066333
14/12/2009;200924;3.135875741;8.074384481;0.224547551;13.81778198;9.951193703;1.491000876;7.981457427;8.395985692;9.074098716
21/12/2009;200925;3.150709741;8.062893786;0.03972719;13.82988564;9.950557543;1.504846349;8.00249943;8.377276057;9.059191684
28/12/2009;200927;2.787833793;8.047250815;-0.177742384;13.81773884;9.949385454;1.531917027;8.059485813;8.364921676;9.046333993
4/1/2010;200931;2.314882862;8.071294771;-0.508915086;13.86821859;9.949963377;1.524775385;8.168751376;8.410604906;9.097226837
11/1/2010;200936;3.263356568;8.064250869;-0.634229001;13.82062729;9.948550853;1.516496287;8.044254209;8.460271673;9.131451697
18/1/2010;200940;3.002019285;8.103510068;-0.6751044;13.88676791;9.945528058;1.496911794;8.014013201;8.514473197;9.161794772
25/1/2010;200941;2.600341813;8.128095364;-0.687700082;13.8830873;9.944101446;1.505046041;8.046070358;8.532713398;9.177508899
1/2/2010;200942;2.337083353;8.14226683;-0.691509933;13.90487373;9.944791455;1.510569235;8.066112535;8.550273418;9.198219681
8/2/2010;200943;2.520056643;8.141381746;-0.692655725;13.9061178;9.946571833;1.498236481;8.10546807;8.560833162;9.208635941
15/2/2010;200944;3.15577088;8.12566966;-0.692999718;13.8919973;9.948679121;1.462592624;8.106441818;8.548433162;9.198392202
22/2/2010;200945;3.958932107;8.114867833;-0.69310294;13.84971231;9.950884203;1.490235668;8.133544001;8.540931981;9.198204082
1/3/2010;200946;3.494699902;8.120228577;-0.693133908;13.86498459;9.952443607;1.460112133;8.153064429;8.560019818;9.223892779
8/3/2010;200947;3.047317908;8.103661876;-0.693143199;13.88456421;9.952910954;1.454988156;8.184318138;8.573235657;9.240861291
15/3/2010;200948;2.621412289;8.088636914;-0.693145986;13.92686239;9.953051116;1.457528343;8.17608211;8.574375112;9.247953628
22/3/2010;200949;2.936382445;8.102079482;-0.693146822;13.87049931;9.95309316;1.448470472;8.18117706;8.574226738;9.249404319
29/3/2010;200950;2.751940268;8.114880299;-0.693147073;13.92216813;9.952944085;1.449029621;8.186425444;8.568293787;9.248038323
5/4/2010;200951;2.955703558;8.143122963;-0.693147148;14.05263856;9.952155686;1.471942997;8.173455905;8.568960583;9.249526219
12/4/2010;200952;3.443338115;8.159671931;-0.693147171;14.08334454;9.951127115;1.503923645;8.140311574;8.580026783;9.254010113
19/4/2010;201001;3.137117738;8.191473174;-0.693147178;14.05959071;9.949240795;1.485187309;8.158218038;8.605792181;9.263650903
26/4/2010;201003;2.710128799;8.22716826;-0.69314718;14.00220686;9.947627656;1.518580108;8.146830121;8.599374364;9.258680281
3/5/2010;201005;2.951747126;8.238408108;-0.69314718;13.91939457;9.946193753;1.500676358;8.090076404;8.56907433;9.235619117
10/5/2010;201006;3.5331553;8.233945903;-0.69314718;13.92850073;9.945700773;1.508493497;8.076956385;8.55052901;9.221441178
17/5/2010;201007;2.884775165;8.245778462;-0.693147181;13.95100958;9.946398239;1.52387456;8.083303945;8.564619898;9.237353748
24/5/2010;201009;2.85300806;8.235654774;-0.693147181;13.9214247;9.948353836;1.49604354;8.09539314;8.59967088;9.24884029
31/5/2010;201013;3.511006752;8.234672015;-0.693147181;13.95531591;9.951120523;1.458661008;8.115406932;8.634136037;9.282239869
7/6/2010;201015;3.179909926;8.244476344;-0.693147181;13.9891385;9.952630364;1.46025538;8.122483741;8.653944864;9.302671959
14/6/2010;201018;2.390905107;8.246406173;-0.693147181;13.95847793;9.953572833;1.475247513;8.030726615;8.597629454;9.2899674
21/6/2010;201019;2.252029725;8.255237397;-0.693147181;13.99990085;9.954376157;1.471700048;7.977519411;8.590048046;9.285941982
28/6/2010;201023;2.911921435;8.266657775;-0.693147181;14.01239039;9.957745032;1.451143131;7.933961299;8.552648481;9.234164631
5/7/2010;201024;3.062111186;8.296007689;-0.342490309;14.04931952;9.959414211;1.434940987;7.915987846;8.559658823;9.243477345
12/7/2010;201025;2.659335288;8.311339102;-0.091019398;14.06061811;9.960566636;1.395952361;7.921738656;8.553921126;9.238676442
19/7/2010;201027;2.809766292;8.319552156;-0.02644665;14.01876215;9.962176807;1.371598338;7.874752386;8.529508981;9.220640648
26/7/2010;201029;2.85081118;8.348154415;0.294287707;14.04064925;9.962792385;1.387167411;7.905959827;8.551907866;9.230762231
2/8/2010;201031;3.276032542;8.381827119;0.373390163;14.0218991;9.962976984;1.386556356;7.948443743;8.578456704;9.261666141
9/8/2010;201033;5.064609856;8.403210453;0.607477794;14.05026478;9.964383632;1.390738082;7.972850097;8.572026234;9.24793953
16/8/2010;201034;4.228301265;8.406709717;0.668208065;14.07223292;9.965751103;1.396329919;7.965785897;8.557299848;9.22744702
23/8/2010;201035;3.789633418;8.420250235;0.685730534;14.0335678;9.96710692;1.404896096;7.972585066;8.576362861;9.230185588
30/8/2010;201036;3.005784277;8.439231189;0.690927956;14.06768786;9.968323441;1.405736872;7.986793499;8.595928557;9.243884385
6/9/2010;201037;2.018976867;8.465267878;0.69248193;14.08093472;9.968660518;1.397372594;7.979650434;8.613606318;9.259205112
13/9/2010;201038;2.871256036;8.467610677;0.854245519;14.11338584;9.968598225;1.394849608;7.963401418;8.622361685;9.276031153
20/9/2010;201039;3.074994159;8.47267319;0.898078;14.11450968;9.968416067;1.383618368;7.969532557;8.624632723;9.285534664
27/9/2010;201040;3.108387814;8.467050373;0.910861656;14.07329004;9.968214311;1.397677601;8.005838304;8.633577151;9.294764126
4/10/2010;201041;4.019378134;8.465030176;0.932041722;14.09201236;9.96854173;1.412141899;8.055166617;8.644144648;9.306018978
11/10/2010;201042;4.115501556;8.468869124;0.988390632;14.08262376;9.969271035;1.423209866;8.102131219;8.651283892;9.312222855
18/10/2010;201043;3.90076756;8.483420508;1.004694217;14.07611604;9.970120849;1.421450675;8.128132897;8.648118606;9.316381157
25/10/2010;201044;4.364754767;8.503474138;1.009533907;14.03920706;9.971006827;1.462314665;8.145152021;8.658919558;9.326578773
1/11/2010;201045;3.958659127;8.514396953;1.010981259;14.03548037;9.971760231;1.479051598;8.15083448;8.66733216;9.331838656
8/11/2010;201046;4.413633222;8.506165631;1.048892824;14.0513951;9.972158926;1.488768458;8.091934104;8.658777988;9.321353923
15/11/2010;201047;3.882645133;8.511283349;1.083954277;14.06537303;9.972441763;1.482170364;8.071789834;8.646167572;9.318182641
22/11/2010;201048;3.610180937;8.510803013;1.094237401;14.04254011;9.972689911;1.465740067;8.061337951;8.641061756;9.322762103
29/11/2010;201050;3.973788108;8.513016179;1.108916089;14.12912298;9.97308564;1.48641661;8.078281446;8.667676935;9.340181633
6/12/2010;201051;3.7032134;8.504930744;1.158239193;14.13597266;9.973362308;1.479868316;8.07291442;8.68610173;9.349335944
13/12/2010;201052;3.905869029;8.495503081;1.1725739;14.15671916;9.97358072;1.468268319;8.044872042;8.690315357;9.354284932
20/12/2010;201101;3.878229872;8.510084775;1.176834547;14.13392087;9.973826795;1.477622316;8.057174693;8.698562925;9.362926244
27/12/2010;201102;4.176747132;8.499290242;1.178109209;14.12946647;9.974058568;1.47562166;8.049462354;8.700325675;9.367027357
3/1/2011;201103;3.550515594;8.498035231;1.178491292;14.13778398;9.974286156;1.47020485;8.016032698;8.694682904;9.375559329
10/1/2011;201104;3.253802002;8.482652052;1.178605888;14.15863848;9.974512361;1.466153479;8.006225421;8.690496616;9.384704465
17/1/2011;201105;3.349482049;8.454363608;1.178640264;14.09981905;9.974738207;1.462505435;8.024108783;8.692164021;9.391782593
24/1/2011;201106;3.932984614;8.428117193;1.178650577;14.0977044;9.975038762;1.487050685;8.032097877;8.703784885;9.405581986
31/1/2011;201107;3.210389627;8.421113624;1.18936534;14.12381523;9.975630614;1.484828548;8.065735234;8.70898577;9.413750377
7/2/2011;201108;3.283637676;8.390720939;1.234162099;14.17650967;9.976332476;1.479389033;8.068690947;8.699015728;9.40650653
14/2/2011;201109;3.491068154;8.399497465;1.247218947;14.12184258;9.977067299;1.46165198;8.080266957;8.695627467;9.405848007
21/2/2011;201110;3.590833677;8.396020035;1.251102987;14.12451688;9.977769416;1.48996126;8.096943658;8.688013609;9.402966622
28/2/2011;201111;3.64566107;8.380715296;1.272077652;14.13558167;9.978308489;1.49516605;8.084323832;8.659913387;9.385182972
7/3/2011;201112;3.331598135;8.408461401;1.353377895;14.12723165;9.978786006;1.49358322;8.08538989;8.666956078;9.396629247
14/3/2011;201113;3.58975385;8.42880993;1.376532686;14.10726476;9.97924511;1.474054964;8.088284405;8.682851312;9.411456181
21/3/2011;201114;3.368224619;8.454618299;1.383375851;14.07228242;9.979718842;1.488867213;8.103966235;8.697548639;9.421389473
28/3/2011;201115;3.352549155;8.448590629;1.436631636;14.09790672;9.980861144;1.48060896;8.112686743;8.698648854;9.419051586
4/4/2011;201116;3.4142829;8.452435828;1.484316965;14.09510046;9.982505545;1.474920088;8.107877856;8.693623481;9.42109912
11/4/2011;201117;3.236697809;8.464977933;1.498190159;14.09322653;9.98430046;1.452130309;8.084066415;8.705799109;9.439183792
18/4/2011;201118;3.329674995;8.472885171;1.502314862;14.04932462;9.986140477;1.471246946;8.063239719;8.700346897;9.446994321
25/4/2011;201119;3.304156933;8.482395071;1.518992867;14.0820601;9.987638865;1.460798343;8.053491209;8.695285131;9.447177843
2/5/2011;201120;3.639654379;8.484256352;1.583152827;14.09137633;9.988561652;1.448639751;8.047881114;8.689157154;9.43990121
9/5/2011;201121;3.477157987;8.480807365;1.601624677;14.10905404;9.989311813;1.435845157;8.018138272;8.681902993;9.429544012
16/5/2011;201122;3.46747441;8.486111083;1.607100345;14.073681;9.99001037;1.415114726;8.005359802;8.683104859;9.421873494
23/5/2011;201123;3.356998309;8.477738504;1.608737216;14.07440823;9.990715224;1.413930838;8.001780804;8.674699521;9.404816913
30/5/2011;201124;3.544352727;8.448267347;1.630014617;14.11571883;9.991556965;1.427106665;7.991669805;8.661897137;9.395070456
6/6/2011;201125;3.278381002;8.451138009;1.649847303;14.11727273;9.992461452;1.425992817;7.986756437;8.65512331;9.397627144
13/6/2011;201126;3.387490011;8.466202654;1.655721211;14.10698041;9.993384871;1.415512417;8.008576501;8.669250126;9.41137151
20/6/2011;201127;4.041054105;8.47054071;1.657476677;14.07045628;9.994307102;1.424211078;8.033222795;8.692638927;9.434938068
27/6/2011;201128;3.740263456;8.463729655;1.658002716;14.08795125;9.995002553;1.418367881;8.038330782;8.683214006;9.432364177
4/7/2011;201129;4.028618221;8.448394164;1.658160474;14.07910328;9.995526948;1.41830455;8.036033734;8.676469691;9.438177826
11/7/2011;201130;3.929673661;8.420478968;1.658207796;14.09621159;9.996000054;1.416589211;8.010686936;8.678459469;9.426809178
18/7/2011;201131;3.584560347;8.379665138;1.658221993;14.05753279;9.996457821;1.422845671;7.995789766;8.638160681;9.388184474
25/7/2011;201132;3.538987906;8.332639157;1.658226251;14.08256033;9.996862572;1.42807742;7.963014648;8.574372248;9.333387908
1/8/2011;201133;3.300754972;8.336596969;1.658227529;14.13789563;9.997145154;1.432987544;7.962028718;8.566451832;9.327930708
8/8/2011;201134;3.633946248;8.329834247;1.658227912;14.17364809;9.99738792;1.434455893;7.95539302;8.55112313;9.322280317
15/8/2011;201135;3.804962834;8.349714382;1.658228027;14.13836768;9.997618756;1.426526143;7.951711915;8.573988455;9.3411805
22/8/2011;201136;3.816095066;8.336154989;1.658228062;14.12535644;9.997856259;1.444153386;7.929345697;8.56527534;9.329608894
29/8/2011;201137;3.560902386;8.31464152;1.658228072;14.13639196;9.998219574;1.43781383;7.917047307;8.565419934;9.329886567
5/9/2011;201138;3.414614721;8.289241142;1.658228075;14.1622529;9.99865487;1.424178513;7.905603645;8.559663784;9.318524661
12/9/2011;201139;4.063644257;8.272390223;1.658228076;14.17953631;9.999111827;1.425114294;7.877693695;8.555407602;9.313488177
19/9/2011;201140;4.694006647;8.245281827;1.658228076;14.12413063;9.999575219;1.41184025;7.870270755;8.548455156;9.303304455
26/9/2011;201141;4.051825074;8.278156304;1.658228077;14.15357638;10.00030457;1.411243033;7.869138574;8.58345034;9.336179753
3/10/2011;201142;3.526821953;8.301633251;1.658228077;14.15149234;10.00131196;1.414472354;7.858054903;8.595389389;9.349962616
10/10/2011;201143;3.950252991;8.335658683;1.658228077;14.17240999;10.00240245;1.414588893;7.873514176;8.621194258;9.379202563
17/10/2011;201144;3.740825403;8.352730774;1.658228077;14.1488816;10.00351799;1.413772931;7.90030062;8.615694466;9.382494726
24/10/2011;201145;3.683299558;8.366593779;1.658228077;14.15734611;10.00464638;1.403257546;7.906494189;8.614192365;9.390406112
31/10/2011;201146;3.65456819;8.369528963;1.658228077;14.15955998;10.00579796;1.401805797;7.899208991;8.608716281;9.387863352
7/11/2011;201147;3.631530536;8.327407217;1.658228077;14.1525682;10.00695801;1.415066163;7.872163446;8.568715224;9.354490888
14/11/2011;201148;3.742414877;8.32315985;1.658228077;14.13401254;10.00812074;1.429120981;7.857549103;8.591718301;9.371446945
21/11/2011;201149;3.853793762;8.325705917;1.658228077;14.12738275;10.00926321;1.426598212;7.839435692;8.611335124;9.393670678
28/11/2011;201150;3.844106084;8.328427733;1.658228077;14.18447483;10.01014892;1.435882418;7.802027098;8.601220599;9.38752666
5/12/2011;201151;3.651085979;8.335728968;1.658228077;14.18428677;10.01088811;1.443620784;7.777297699;8.599997876;9.396266476
12/12/2011;201152;3.490768135;8.336169926;1.658228077;14.18915982;10.00499329;1.452503765;7.758142706;8.614985032;9.407451011
19/12/2011;201201;3.347837946;8.33781523;1.658228077;14.19021891;10.01239925;1.461846148;7.760120333;8.63936042;9.427949817
26/12/2011;201202;3.451210694;8.342617521;1.651539088;14.19541751;10.01318601;1.451420575;7.781099777;8.640110078;9.428429654
2/1/2012;201203;3.580597058;8.350933617;1.622255416;14.189475;10.01436776;1.455646077;7.794244472;8.646372386;9.437639541
9/1/2012;201204;3.94554462;8.350447125;1.613300443;14.19864733;10.01566787;1.464221542;7.802324277;8.654673649;9.446261366
16/1/2012;201205;3.423531016;8.362272329;1.610598239;14.15527202;10.01700351;1.47161222;7.808878103;8.658475252;9.449209627
23/1/2012;201206;3.63868724;8.378653537;1.609786152;14.15552199;10.01825456;1.454391188;7.822516966;8.67325619;9.458082351
30/1/2012;201207;3.981891532;8.398305256;1.609542397;14.18305882;10.01889356;1.460604379;7.833447475;8.679600258;9.461690261
6/2/2012;201208;3.625457849;8.410682314;1.609469259;14.20594713;10.01925412;1.465698901;7.851961968;8.68564083;9.467682789
13/2/2012;201209;3.407529701;8.416574373;1.609447316;14.18525848;10.01953114;1.467222211;7.874181915;8.68494722;9.470084568
20/2/2012;201210;3.965877878;8.413447969;1.609440734;14.16564935;10.01981143;1.456321976;7.876531997;8.67574506;9.465315102
27/2/2012;201211;3.915400725;8.420763523;1.609438759;14.18702519;10.02043237;1.456297306;7.875258703;8.685377563;9.4792714
5/3/2012;201212;3.534064638;8.432468168;1.609438166;14.18397021;10.02124972;1.459547984;7.863598074;8.682204706;9.481756472
12/3/2012;201213;3.639654688;8.443683118;1.609437989;14.18444099;10.02212592;1.458895003;7.834720236;8.67282007;9.485297521
19/3/2012;201214;3.439700069;8.445568004;1.609437935;14.13995626;10.02301981;1.474845666;7.831807631;8.665992867;9.48449908
26/3/2012;201215;3.439753826;8.431261814;1.609437919;14.15065392;10.02378838;1.466746608;7.836711727;8.647230656;9.468577814
2/4/2012;201216;3.429661232;8.423673013;1.609437914;14.15563714;10.02434521;1.46672911;7.852043167;8.652709154;9.472148094
9/4/2012;201217;3.349414682;8.425206285;1.609437913;14.17711903;10.0248386;1.469143071;7.865008118;8.652503573;9.477398471
16/4/2012;201218;3.553512567;8.423210401;1.609437913;14.12169222;10.0253129;1.474683584;7.889546746;8.655127434;9.484879619
23/4/2012;201219;3.341077351;8.415905845;1.609437912;14.13612683;10.02574726;1.471530302;7.891243148;8.631871385;9.470468095
30/4/2012;201220;3.327115278;8.384805919;1.609437912;14.14862739;10.02604576;1.475396393;7.871500244;8.603422869;9.4473533
7/5/2012;201221;3.184837397;8.360303744;1.609437912;14.16154945;10.02629331;1.481338739;7.865743369;8.588525456;9.437531346
14/5/2012;201222;3.18930726;8.361268479;1.609437912;14.14515876;10.02652559;1.470325073;7.873267235;8.582703814;9.427860811
21/5/2012;201223;3.303550826;8.358839319;1.609437912;14.1140062;10.02675006;1.457264054;7.852318057;8.593632761;9.42232452
28/5/2012;201224;4.040597817;8.362004442;1.609437912;14.14719148;10.02686557;1.461461764;7.84954416;8.602666903;9.434639533
4/6/2012;201225;3.70608797;8.375158714;1.609437912;14.15870484;10.02690022;1.456211562;7.845877855;8.616678822;9.446269095
11/6/2012;201226;3.420819902;8.376265281;1.609437912;14.17667678;10.02691062;1.459522345;7.816413407;8.613395246;9.44452584
18/6/2012;201227;3.528067795;8.388583697;1.609437912;14.14645317;10.02691374;1.450716698;7.810578829;8.63462172;9.457309654
25/6/2012;201228;3.452968148;8.383494954;1.609437912;14.18680185;10.02671118;1.451344773;7.800042425;8.637486545;9.45003589
2/7/2012;201229;3.459669373;8.38658587;1.609437912;14.2013143;10.02617552;1.456439492;7.791257766;8.641143213;9.457326974
9/7/2012;201230;3.695620125;8.370550728;1.609437912;14.21189395;10.02553998;1.462837865;7.77382229;8.627013864;9.457002359
16/7/2012;201231;3.761106188;8.34965506;1.609437912;14.16557072;10.0248744;1.472806631;7.763658724;8.641691454;9.468320533
23/7/2012;201232;3.401610243;8.340554755;1.609437912;14.15940814;10.02425797;1.456388755;7.775969476;8.663214992;9.480354076
30/7/2012;201233;3.432614214;8.343908667;1.609437912;14.19363547;10.02401486;1.449769342;7.761793954;8.670113456;9.486029284
6/8/2012;201234;3.446503387;8.348066286;1.609437912;14.19628752;10.02394192;1.452699746;7.746382332;8.667189315;9.48593908
13/8/2012;201235;3.461060364;8.336072675;1.609437912;14.19787867;10.02392003;1.451939727;7.717631194;8.658523357;9.481259782
20/8/2012;201236;3.654981857;8.329112732;1.609437912;14.20100454;10.02391347;1.450071079;7.713231146;8.655243428;9.484395166
27/8/2012;201237;4.596963058;8.33674059;1.609437912;14.28864917;10.02409801;1.44291693;7.736960393;8.665002912;9.4979264
3/9/2012;201238;3.897544572;8.344449313;1.609437912;14.32205141;10.02447971;1.457197176;7.717073958;8.674022092;9.510571611
10/9/2012;201239;3.719752638;8.345077207;1.609437912;14.34175988;10.02492056;1.46468315;7.712295204;8.667857464;9.508958241
17/9/2012;201240;3.738475399;8.353543949;1.609437912;14.25720121;10.02537917;1.457184158;7.722267918;8.670007117;9.51183998
24/9/2012;201241;3.637490285;8.356327592;1.609437912;14.23301191;10.0261289;1.458185978;7.736489207;8.668180595;9.506265008
1/10/2012;201242;3.394748535;8.362936095;1.609437912;14.23151285;10.02759466;1.461737272;7.743207653;8.675991809;9.508418535
8/10/2012;201243;3.444651018;8.355831256;1.609437912;14.23513567;10.02929403;1.462800205;7.74146455;8.671078103;9.491370288
15/10/2012;201244;3.830777609;8.35692084;1.609437912;14.23311418;10.03106333;1.47118917;7.730824989;8.671060191;9.485848822
22/10/2012;201245;3.671537733;8.356388793;1.609437912;14.20298881;10.03283637;1.459155123;7.729627324;8.668727038;9.475781368
29/10/2012;201246;3.462006877;8.346628974;1.609437912;14.22845468;10.03440292;1.464541753;7.710018126;8.655853367;9.454871469
5/11/2012;201247;3.333135077;8.337268889;1.609437912;14.2172548;10.03584983;1.465480251;7.694335791;8.659007791;9.459658296
12/11/2012;201248;3.663792912;8.329065748;1.609437912;14.24824753;10.03726098;1.470605067;7.67706042;8.666698929;9.467488837
19/11/2012;201249;3.835101056;8.329617215;1.609437912;14.21291501;10.03866132;1.470599699;7.683992004;8.676695594;9.473093556
26/11/2012;201250;3.523238947;8.340974399;1.609437912;14.2855033;10.03904699;1.462461024;7.717528499;8.684320806;9.483206763
3/12/2012;201251;3.516441183;8.357004247;1.609437912;14.32093615;10.03837055;1.465765798;7.755769088;8.688112223;9.490158907
10/12/2012;201252;3.669035684;8.363144335;1.609437912;14.34538057;10.03523257;1.468426609;7.7874503;8.689603072;9.481823315
17/12/2012;201301;3.345466955;8.349096727;1.591782977;14.38600667;10.03926017;1.470890862;7.780007472;8.734324225;9.561034939
24/12/2012;201302;3.393022275;8.381662003;1.604174083;14.37987475;10.03622109;1.467359785;7.81676469;8.720191724;9.521423193
31/12/2012;201303;3.25403924;8.399985146;1.607861671;14.36152746;10.03525905;1.475234593;7.84400629;8.719943782;9.516838495
7/1/2013;201304;3.399997235;8.410290244;1.608965301;14.3376099;10.03497026;1.477084467;7.855884625;8.731037873;9.527937409
14/1/2013;201305;3.624421067;8.417443599;1.609296152;14.31776448;10.0348836;1.49519472;7.884874946;8.744959901;9.537329734
21/1/2013;201306;4.061668149;8.426470055;1.609395387;14.27689368;10.03486475;1.496252326;7.913096212;8.743230008;9.54179784
28/1/2013;201307;3.687877214;8.431844125;1.609425155;14.29807357;10.03510175;1.497740319;7.908774235;8.749678021;9.544589474
4/2/2013;201308;3.799073301;8.427366855;1.609434085;14.31075307;10.03552254;1.496175773;7.894660181;8.753589142;9.544197994
11/2/2013;201309;3.597294007;8.421696594;1.609436764;14.30447016;10.03599829;1.507803506;7.878606661;8.754124079;9.545065924
18/2/2013;201310;3.559909076;8.420861214;1.609437568;14.2923454;10.03648684;1.503086062;7.870309937;8.763888363;9.560242376
25/2/2013;201311;3.442819058;8.410608486;1.609437809;14.32594331;10.0368502;1.505939599;7.851839566;8.775202882;9.574539545
4/3/2013;201312;4.041268979;8.40188733;1.609437881;14.32795926;10.0371172;1.511446501;7.852861216;8.769877221;9.578278108
11/3/2013;201313;3.953890214;8.397596842;1.609437903;14.334175;10.03735527;1.513375834;7.847439901;8.765177381;9.582171047
18/3/2013;201314;3.87961427;8.384102198;1.60943791;14.30978897;10.03758468;1.511983731;7.827699033;8.761786093;9.586382294
25/3/2013;201315;4.156875789;8.377255713;1.609437912;14.32421396;10.03796269;1.512105067;7.818803886;8.758503358;9.595891015
1/4/2013;201316;3.85015821;8.363800744;1.609437912;14.32134178;10.03871813;1.5126805;7.814228817;8.749660293;9.591482878
8/4/2013;201317;3.542406091;8.365946427;1.609437912;14.3353559;10.03959689;1.512853065;7.814965115;8.759482653;9.593188148
15/4/2013;201318;3.396988031;8.36628793;1.609437912;14.31202743;10.04051245;1.509816295;7.813232822;8.769704217;9.601197295
22/4/2013;201319;3.489745217;8.372684868;1.609437912;14.31975924;10.04126218;1.513536911;7.830172326;8.786245507;9.614546407
29/4/2013;201320;3.555938705;8.36427489;1.609437912;14.32415608;10.04087155;1.510022122;7.835666566;8.801198153;9.626295028
6/5/2013;201321;3.706374362;8.354998444;1.609437912;14.32524249;10.03996221;1.508965272;7.856290931;8.812513808;9.633993707
13/5/2013;201322;3.687067465;8.338975538;1.609437912;14.30891514;10.03889712;1.50243489;7.868022404;8.806192808;9.634577945
20/5/2013;201323;3.33569398;8.33655606;1.609437912;14.26360487;10.03778533;1.50046743;7.850662417;8.782290982;9.627773575
27/5/2013;201324;3.592218838;8.303179413;1.609437912;14.29925053;10.03711196;1.498313111;7.806321389;8.761979162;9.624994729
3/6/2013;201325;3.647441875;8.280685712;1.609437912;14.30827765;10.03690986;1.494529875;7.782196177;8.748639752;9.620133487
10/6/2013;201326;3.507438829;8.272987729;1.609437912;14.31971672;10.03684923;1.491818604;7.714473854;8.731721071;9.610222742
17/6/2013;201327;3.523450801;8.265564722;1.609437912;14.27524173;10.03683104;1.495720722;7.707277345;8.746453073;9.614505013
24/6/2013;201328;3.56139159;8.242393739;1.609437912;14.30557607;10.03711509;1.498453947;7.709165684;8.770968005;9.631548841
1/7/2013;201329;3.370425383;8.253361023;1.609437912;14.32982077;10.03812675;1.500834288;7.721675074;8.78728767;9.64350191
8/7/2013;201330;3.39657571;8.255135788;1.609437912;14.34716836;10.03937593;1.495289764;7.715151607;8.792224813;9.649509191
15/7/2013;201331;3.790986955;8.244131473;1.609437912;14.32938222;10.04069629;1.487312914;7.705153836;8.795787171;9.651831269
22/7/2013;201332;3.545858327;8.231156092;1.609437912;14.33072781;10.04200909;1.491230022;7.72492415;8.79188667;9.649796092
29/7/2013;201333;3.566947077;8.23233948;1.609437912;14.36700514;10.04297265;1.493415763;7.747319017;8.78877277;9.638992467
5/8/2013;201334;3.324953238;8.212942348;1.609437912;14.35977055;10.04373512;1.491348191;7.7452954;8.776925212;9.621756718
12/8/2013;201335;3.503408231;8.192952109;1.609437912;14.38550193;10.04443729;1.505815964;7.750335744;8.772470964;9.610097944
19/8/2013;201336;3.418583788;8.204641607;1.609437912;14.40124998;10.04512142;1.493647741;7.757142669;8.778064894;9.609702293
26/8/2013;201337;3.927554679;8.243069359;1.609437912;14.47241074;10.04573711;1.480207432;7.798411927;8.78717808;9.625667787
2/9/2013;201338;3.968371084;8.247982505;1.609437912;14.47710636;10.04624812;1.476965391;7.801092623;8.791977056;9.644397637
9/9/2013;201339;3.61030389;8.264046003;1.609437912;14.52137987;10.04672772;1.47681638;7.795822582;8.788833475;9.639126718
16/9/2013;201340;3.593441393;8.255292441;1.609437912;14.44638893;10.04719793;1.475947671;7.789643512;8.777238367;9.627699707
23/9/2013;201341;3.56082151;8.248578915;1.609437912;14.43767995;10.04775975;1.47923487;7.799118036;8.769305238;9.618262047
30/9/2013;201342;3.630016232;8.252786999;1.602413297;14.42401656;10.0486885;1.479019811;7.799609259;8.783534599;9.631487482
7/10/2013;201343;3.531852143;8.264074925;1.571632198;14.41441764;10.04975556;1.483901086;7.794230867;8.801170099;9.642155284
14/10/2013;201344;3.385942795;8.265474418;1.562210027;14.40803898;10.05086414;1.4785192;7.780950478;8.812370432;9.651446572
21/10/2013;201345;3.467707414;8.267504162;1.559365977;14.37943985;10.05197215;1.483628729;7.768806207;8.813904961;9.65718249
28/10/2013;201346;3.575569233;8.243962278;1.558511182;14.39950386;10.05265889;1.485740878;7.755161956;8.809923009;9.666319057
4/11/2013;201347;3.58188103;8.238041827;1.535903842;14.37785016;10.05302811;1.474108137;7.779222929;8.80900665;9.675441902
11/11/2013;201348;3.491328265;8.227875087;1.513732136;14.39631784;10.05330212;1.468077717;7.7860471;8.805109566;9.682474013
18/11/2013;201349;3.551094959;8.224559083;1.506983619;14.39983153;10.05354754;1.481553065;7.798951149;8.791302924;9.677960961
25/11/2013;201350;3.275431465;8.216475032;1.504950151;14.45981973;10.05398495;1.473187545;7.795695279;8.782574362;9.673807197
2/12/2013;201351;3.368529248;8.21278768;1.504339303;14.48705284;10.05474722;1.470875142;7.768925078;8.784581254;9.681259112
9/12/2013;201352;3.318774999;8.21066975;1.504155976;14.53112851;10.05560692;1.47039144;7.746009146;8.803174727;9.698074832
16/12/2013;201401;3.559497902;8.228498446;1.380051436;14.54433452;10.07121497;1.374086732;7.93809763;8.801458486;9.742829619
23/12/2013;201402;3.560303303;8.21317107;1.468457548;14.59065276;10.06186635;1.44381651;7.783638215;8.810261488;9.719058728
30/12/2013;201403;3.656468838;8.206141775;1.493524027;14.53324246;10.05995075;1.459437906;7.723611248;8.820138798;9.709173056
6/1/2014;201404;3.555311139;8.206937687;1.500923064;14.49416744;10.06032087;1.459167493;7.709219;8.821963746;9.698407092
13/1/2014;201405;3.610810132;8.164040144;1.503132141;14.4573455;10.06137769;1.460476466;7.705348965;8.79705472;9.677519217
20/1/2014;201406;3.667916348;8.147160663;1.503793914;14.39918288;10.06264037;1.460354661;7.702914497;8.784898416;9.658978844
27/1/2014;201407;3.558009121;8.173483602;1.50399236;14.4212088;10.06362407;1.462378799;7.724518442;8.797421846;9.673475606
3/2/2014;201408;3.474050563;8.193048679;1.480441412;14.46005655;10.06426867;1.460721925;7.733059884;8.816167542;9.682744581
10/2/2014;201409;3.726487172;8.203783845;1.45709423;14.4682622;10.06481171;1.45684205;7.699126655;8.824513136;9.691325757
17/2/2014;201410;3.489290247;8.212771513;1.449982443;14.4261559;10.06532421;1.463493765;7.689467879;8.820681966;9.699216105
24/2/2014;201411;3.418454478;8.202804611;1.439577251;14.44283463;10.06607832;1.459921491;7.667293219;8.804283115;9.697157243
3/3/2014;201412;3.271523748;8.201924983;1.402579429;14.4480826;10.06709308;1.458758215;7.664759466;8.794416944;9.697870868
10/3/2014;201413;3.574081168;8.214363788;1.391207788;14.48024593;10.06818584;1.456986988;7.67588227;8.793311595;9.69861295
17/3/2014;201414;3.422494041;8.231990247;1.387770926;14.43304512;10.06930207;1.455030245;7.679900422;8.799762003;9.707794458
24/3/2014;201415;3.788836219;8.246414457;1.386737559;14.43150467;10.0705301;1.457317286;7.708808442;8.797426538;9.698469348
31/3/2014;201416;4.022315437;8.261133844;1.386427341;14.44292847;10.07216893;1.452163558;7.711347082;8.793876925;9.699527758
7/4/2014;201417;3.963678932;8.260351492;1.386334257;14.45736676;10.0739621;1.449774146;7.696779525;8.803654333;9.706191078
14/4/2014;201418;3.770573501;8.261683066;1.38630633;14.44299849;10.07580153;1.441084702;7.680574753;8.815956771;9.710801832
21/4/2014;201419;4.175237449;8.267240963;1.386297952;14.43178622;10.07763306;1.453997657;7.673517717;8.823328418;9.711737624
28/4/2014;201420;3.739781329;8.277478286;1.386295438;14.45522821;10.07920046;1.435106996;7.677683875;8.830433609;9.715222348
5/5/2014;201421;3.513026004;8.275918315;1.386294684;14.46223475;10.08061622;1.435786259;7.66778399;8.82854123;9.712930443
12/5/2014;201422;3.52794429;8.276834168;1.386294458;14.47041463;10.0819864;1.413845808;7.673824561;8.831272197;9.719311953
19/5/2014;201423;3.640837899;8.274710499;1.38629439;14.42772723;10.08334299;1.418012688;7.670429593;8.830572109;9.725895771
26/5/2014;201424;3.533322416;8.270613392;1.38629437;14.44487918;10.08449979;1.366680718;7.674727333;8.830723245;9.730187247
2/6/2014;201425;3.420014525;8.262168365;1.386294364;14.45209487;10.08533596;1.365396258;7.675976697;8.825123244;9.732483474
9/6/2014;201426;3.589891858;8.264506685;1.386294362;14.48120902;10.08607604;1.379448192;7.671551075;8.820978162;9.732807803
16/6/2014;201427;3.392763493;8.264424365;1.386294361;14.41551525;10.08678734;1.367446498;7.679826402;8.825515055;9.736742289
23/6/2014;201428;3.608228196;8.275281694;1.386294361;14.42290147;10.08742238;1.370645711;7.678215017;8.817544291;9.737848229
30/6/2014;201429;3.491333114;8.280552016;1.364176556;14.43853665;10.08779106;1.364349334;7.680481655;8.816936747;9.742760628
7/7/2014;201430;3.697643569;8.277224862;1.334672065;14.45237002;10.08805962;1.346764106;7.694984971;8.821018355;9.743942152
14/7/2014;201431;3.72089232;8.272008908;1.325648255;14.44199198;10.08829817;1.345561344;7.736813709;8.819006721;9.732202653
21/7/2014;201432;3.86460366;8.273299811;1.322925156;14.41193503;10.08853101;1.334881828;7.755637539;8.805523277;9.716343759
28/7/2014;201433;3.851461862;8.277183963;1.322106778;14.44064156;10.08886844;1.315974624;7.761878564;8.80429102;9.718252571
4/8/2014;201434;3.924555016;8.281920251;1.274075625;14.45090643;10.08928556;1.304367364;7.767138646;8.815055992;9.732366903
11/8/2014;201435;3.890831299;8.284470317;1.259204594;14.46136066;10.08972647;1.292794017;7.757344761;8.823837127;9.742380765
18/8/2014;201436;3.509036889;8.302334152;1.254699817;14.44969935;10.09017458;1.295887731;7.777063401;8.82978889;9.745015922
25/8/2014;201437;3.676984506;8.303719265;1.243299953;14.5047853;10.09067795;1.291170896;7.791515998;8.828276926;9.744078749
1/9/2014;201438;3.420752904;8.296418125;1.198491016;14.49974546;10.09131464;1.284068301;7.789271298;8.82646947;9.748999987
8/9/2014;201439;3.343170303;8.290526478;1.184647225;14.54590448;10.09199507;1.283338815;7.790524236;8.813731328;9.747464145
15/9/2014;201440;3.522748703;8.277686452;1.180456438;14.4931763;10.09268839;1.270276238;7.799692616;8.796331427;9.740696515
22/9/2014;201441;3.478659096;8.271867974;1.17919577;14.47552686;10.09348005;1.271234549;7.809927844;8.780610089;9.731859866
29/9/2014;201442;3.226695879;8.252848106;1.167991387;14.48307495;10.09488295;1.262971716;7.80575868;8.757594977;9.707007066
6/10/2014;201443;3.595652811;8.24578393;1.119936052;14.48242521;10.09656357;1.272245432;7.795434066;8.758761391;9.713777543
13/10/2014;201444;3.98575837;8.245638419;1.105057297;14.48452473;10.09832726;1.2756608;7.79926981;8.767484755;9.736071089
20/10/2014;201445;4.050243382;8.261466298;1.100550156;14.46216256;10.10011587;1.27250467;7.818784496;8.778098788;9.758803054
27/10/2014;201446;3.520816611;8.268537283;1.099194043;14.48025898;10.10212122;1.277780801;7.843532599;8.792806084;9.771654335
3/11/2014;201447;3.404777915;8.279207793;1.098786851;14.47697656;10.10434829;1.282483979;7.844648423;8.804930831;9.778829441
10/11/2014;201448;3.548671036;8.285492507;1.09866466;14.49753063;10.10664168;1.304610213;7.890796988;8.811230636;9.785398441
17/11/2014;201449;4.302397823;8.283234327;1.098628;14.47345308;10.10895491;1.299233766;7.970203985;8.81105234;9.789848508
24/11/2014;201450;4.092296924;8.264072096;1.098617002;14.52747444;10.11077597;1.30521436;8.039833116;8.788341987;9.780440463
1/12/2014;201451;3.588505934;8.245617982;1.098613703;14.56132139;10.11135478;1.314530037;8.088277711;8.768407416;9.770634007
8/12/2014;201452;3.422004213;8.245898558;1.098612713;14.60394716;10.11152836;1.31226193;8.107469865;8.786432719;9.790619909
15/12/2014;201501;3.438757204;8.253084082;1.098612416;14.60242846;10.11158043;1.315367833;8.140079429;8.786748913;9.789350093
22/12/2014;201502;3.509162511;8.242920024;1.098612327;14.6327341;10.11155727;1.320067275;8.175628896;8.776864277;9.780598692
29/12/2014;201503;3.404873287;8.234455464;1.0986123;14.64307193;10.11104613;1.308326001;8.175741796;8.778343422;9.773271587
5/1/2015;201504;4.079443153;8.240780649;1.098612292;14.63037954;10.11025937;1.324194756;8.162702266;8.801841507;9.776491934
12/1/2015;201505;3.999597216;8.249956867;1.09861229;14.62440359;10.10938987;1.325330465;8.166135562;8.818916426;9.766630429
19/1/2015;201506;3.85491598;8.265894379;1.098612289;14.58141933;10.10849549;1.326197782;8.136831863;8.827761955;9.776217495
26/1/2015;201507;3.622766219;8.274924333;1.098612289;14.58466724;10.10793994;1.322052876;8.137213572;8.82942411;9.787303829
2/2/2015;201508;3.792633394;8.286870861;1.098612289;14.58485386;10.10794815;1.318629439;8.155776457;8.835463007;9.796876634
9/2/2015;201509;4.006895444;8.290856676;1.098612289;14.60095207;10.10812551;1.315416513;8.166936437;8.842058197;9.804712684
16/2/2015;201510;4.286475885;8.284527335;1.098612289;14.57940961;10.10835362;1.312023931;8.167022697;8.842581186;9.80461019
23/2/2015;201511;3.900317435;8.267375186;1.098612289;14.57880377;10.1087925;1.301372312;8.174123371;8.826029539;9.791802857
2/3/2015;201512;3.744764393;8.260909419;1.098612289;14.57519168;10.10955525;1.302262702;8.224202493;8.836780829;9.796151141
9/3/2015;201513;3.691768079;8.263779817;1.098612289;14.58566903;10.11041515;1.306619893;8.266692426;8.844574777;9.791575964
16/3/2015;201514;3.812389694;8.273271694;1.098612289;14.5939761;10.11130413;1.302398388;8.305439609;8.83343304;9.788478617
23/3/2015;201515;3.812753658;8.287976967;1.098612289;14.58802585;10.11224415;1.289602285;8.346918641;8.847746972;9.792705225
30/3/2015;201516;3.882369282;8.298434481;1.098612289;14.61503183;10.11346097;1.296968255;8.388011828;8.857715323;9.79695859
6/4/2015;201517;3.763929516;8.303180517;1.098612289;14.61592339;10.11480313;1.285216686;8.430248863;8.860214766;9.799033341
13/4/2015;201518;4.265774483;8.310620084;1.098612289;14.65884918;10.11618294;1.275785698;8.458076626;8.856180911;9.798773887
20/4/2015;201519;3.894429487;8.315555765;1.098612289;14.64933813;10.11757336;1.275803431;8.440137474;8.849288709;9.797976977
27/4/2015;201520;3.675312973;8.319502709;1.098612289;14.64762403;10.11894563;1.285579892;8.450028719;8.849281888;9.803965865
4/5/2015;201521;3.829935158;8.314985379;1.098612289;14.64044598;10.12030292;1.279234764;8.464228206;8.85268116;9.810804235
11/5/2015;201522;3.758187803;8.306451003;1.098612289;14.64200792;10.12165569;1.284417505;8.50598591;8.853562038;9.805247481
18/5/2015;201523;3.57795347;8.29448212;1.098612289;14.67613417;10.12300707;1.27940973;8.535894885;8.84350598;9.799364849
25/5/2015;201524;3.556566173;8.284848209;1.098612289;14.73235552;10.12416839;1.281960968;8.567011531;8.830481747;9.794363091
1/6/2015;201525;4.132436401;8.27793467;1.098612289;14.74210403;10.12485558;1.28676406;8.532191948;8.8164981;9.795153626
8/6/2015;201526;3.845218011;8.271083019;1.098612289;14.75361327;10.12538807;1.299591303;8.475689809;8.823609922;9.79775707
15/6/2015;201527;3.824211246;8.261650182;1.098612289;14.70468564;10.1258741;1.302550192;8.381746305;8.802838868;9.78533341
22/6/2015;201528;3.774309145;8.248840415;1.098612289;14.69663237;10.12640294;1.289754276;8.307241277;8.791156899;9.780825224
29/6/2015;201529;3.524202897;8.263796141;1.098612289;14.71310469;10.12729352;1.301582577;8.313233457;8.810926091;9.795217922
6/7/2015;201530;3.535349879;8.265025503;1.098612289;14.71329743;10.12834914;1.309177237;8.33104784;8.809344334;9.790782364
13/7/2015;201531;3.730292589;8.250928656;1.098612289;14.71473351;10.12945417;1.30402782;8.276942337;8.800396732;9.782258273
20/7/2015;201532;3.70438343;8.255888998;1.098612289;14.67320208;10.13057412;1.303653499;8.267006867;8.80898304;9.773523139
27/7/2015;201533;3.670509185;8.252067536;1.098612289;14.70329864;10.13160846;1.302487212;8.297106446;8.801014107;9.76947741
3/8/2015;201534;3.843512215;8.239168636;1.098612289;14.70336988;10.1325496;1.297513867;8.264448616;8.776054987;9.756568878
10/8/2015;201535;3.594715763;8.22499934;1.098612289;14.70525767;10.13346301;1.289563605;8.128552915;8.732158646;9.713363818
17/8/2015;201536;3.655379681;8.239064719;1.098612289;14.67880987;10.13436804;1.280655169;8.123361798;8.720302323;9.702547353
24/8/2015;201537;3.850106358;8.233382842;1.098612289;14.71738739;10.13537433;1.288473106;8.116148733;8.722426468;9.703326162
31/8/2015;201538;3.589981855;8.236867496;1.098612289;14.72026286;10.13678465;1.298262224;8.094608466;8.723502588;9.711079476
7/9/2015;201539;3.908348775;8.230321734;1.098612289;14.7525541;10.13834718;1.29349467;8.096464939;8.710177821;9.703751428
14/9/2015;201540;3.836428124;8.215537383;1.098612289;14.72848983;10.13995535;1.292737662;8.080417301;8.705794759;9.69676438
21/9/2015;201541;3.553514275;8.23307502;1.098612289;14.70980298;10.14155556;1.290302992;8.0992458;8.741404491;9.72468676
28/9/2015;201542;3.775286777;8.240749542;1.113090308;14.72545911;10.14289536;1.295360933;8.13515868;8.750678648;9.740209844
5/10/2015;201543;3.832161365;8.250942416;1.15943297;14.71890526;10.14408561;1.301348421;8.160241995;8.757117599;9.7550704
12/10/2015;201544;3.621506551;8.256871836;1.172927085;14.71339997;10.14523097;1.290733496;8.171354459;8.761472878;9.772746329
19/10/2015;201545;3.594952172;8.257463912;1.176940065;14.66753841;10.14636296;1.307410056;8.186226676;8.760583951;9.785774606
26/10/2015;201546;3.733159164;8.247815089;1.178140826;14.69868616;10.14743243;1.309510133;8.227956799;8.744550963;9.77778248
2/11/2015;201547;3.717959896;8.240916491;1.178500773;14.70214592;10.14840527;1.315203566;8.230442884;8.744031052;9.778407296
9/11/2015;201548;3.584998091;8.235425301;1.178608732;14.71367607;10.14934917;1.321935499;8.22437398;8.751213257;9.78456255
16/11/2015;201549;4.279038118;8.207222419;1.178641117;14.66315387;10.15028433;1.314463196;8.211267997;8.753298641;9.783582967
23/11/2015;201550;3.76561584;8.186839871;1.178650833;14.69744831;10.15108384;1.321577827;8.202356949;8.727962375;9.775105064
30/11/2015;201551;3.645629744;8.188602691;1.189365416;14.73581462;10.15136349;1.331939745;8.216346332;8.710629586;9.769639885
7/12/2015;201552;4.580742409;8.194741647;1.234162121;14.75335628;10.15144737;1.327307203;8.245127342;8.720540697;9.768096264
14/12/2015;201553;4.377353796;8.203381097;1.247218953;14.78060936;10.15147253;1.324727074;8.233556298;8.737473992;9.77217774
21/12/2015;201601;4.206713166;8.1923165;1.251102989;14.78094309;10.15148008;1.334119019;8.168957973;8.714981161;9.742856761
28/12/2015;201602;4.139933641;8.175540807;1.252265264;14.7993278;10.15148234;1.349025961;8.0972762;8.692132188;9.711739998
4/1/2016;201603;3.736163633;8.161675168;1.252613683;14.78212988;10.15148302;1.351655135;8.066797361;8.673741165;9.687251818
11/1/2016;201604;3.621003072;8.177453313;1.252718185;14.77617097;10.15148323;1.341022632;8.015660162;8.687006225;9.687063333
18/1/2016;201605;3.710022155;8.195164072;1.252749534;14.73083396;10.15148329;1.353607349;7.99791263;8.685563664;9.695903053
25/1/2016;201606;3.82575928;8.202004369;1.252758938;14.73848997;10.15174138;1.352681973;8.001776289;8.653198732;9.681461756
1/2/2016;201607;3.826954846;8.217806305;1.252761759;14.73782659;10.15264446;1.34771086;8.012087087;8.677266645;9.69647007
8/2/2016;201608;3.771089317;8.218657187;1.252762606;14.75337471;10.15375817;1.346608617;8.016648113;8.692329195;9.709932489
15/2/2016;201609;3.74929708;8.231243472;1.25276286;14.70561761;10.15493509;1.334430833;8.010011658;8.714219627;9.725351219
22/2/2016;201610;4.11556385;8.244672137;1.252762936;14.723388;10.15605559;1.343390449;8.022078392;8.718492746;9.738349253
29/2/2016;201611;4.004635519;8.259050218;1.252762959;14.73097203;10.1568877;1.343598269;8.035273665;8.725474396;9.755642092
7/3/2016;201612;4.137540513;8.270363108;1.252762966;14.74385982;10.15761077;1.342094313;8.06436403;8.726943194;9.767938092
14/3/2016;201613;4.276026533;8.273995379;1.252762968;14.73702719;10.15830115;1.330923942;8.067254468;8.725882059;9.776235593
21/3/2016;201614;4.009367285;8.272849187;1.252762968;14.71832071;10.1589854;1.33490428;8.076199192;8.724912089;9.777221778
28/3/2016;201615;4.239367955;8.2787827;1.252762968;14.74037122;10.15978806;1.335730829;8.083702197;8.741663172;9.784121618
4/4/2016;201616;3.880375444;8.285915349;1.252762968;14.73474646;10.16068093;1.338247683;8.074033193;8.75432329;9.795041163
11/4/2016;201617;3.750076141;8.288463829;1.252762968;14.72363098;10.1616008;1.327841026;8.064142114;8.748552284;9.794188924
18/4/2016;201618;3.692614867;8.293393703;1.252762968;14.67825912;10.1625289;1.337684141;8.067086537;8.729892889;9.786730667
25/4/2016;201619;3.628505815;8.294176666;1.252762968;14.69982918;10.16338274;1.334414349;8.042348109;8.724247893;9.783745051
2/5/2016;201620;4.024432565;8.287560239;1.252762968;14.69236554;10.16411234;1.331259981;8.035144416;8.722958514;9.775733955
9/5/2016;201621;4.048432653;8.283762794;1.252762968;14.69325807;10.16480465;1.328133593;8.030544995;8.733013113;9.78164197
16/5/2016;201622;4.339253124;8.279980852;1.252762968;14.65189966;10.16548588;1.32957051;8.047982804;8.733023886;9.785584604
23/5/2016;201623;4.037602784;8.287929565;1.252762968;14.64208018;10.16614567;1.327184062;8.058180975;8.737184966;9.792146994
30/5/2016;201624;3.847656934;8.284432175;1.252762968;14.66144487;10.16668783;1.325689607;8.043272167;8.708814954;9.784231288
6/6/2016;201625;3.707635585;8.289452329;1.252762968;14.66540045;10.16717685;1.328434623;8.042530671;8.729140321;9.784777037
13/6/2016;201626;3.670815977;8.290037951;1.252762968;14.65047386;10.16764993;1.321524618;8.04988846;8.744041423;9.779382963
20/6/2016;201627;3.87693836;8.295118423;1.252762968;14.64316181;10.16812438;1.322784469;8.066015724;8.772416661;9.790601582
27/6/2016;201628;3.915199062;8.305356136;1.252762968;14.68144633;10.16880446;1.319001477;8.083037057;8.795763495;9.811112924
4/7/2016;201629;4.258056764;8.319051129;1.252762968;14.68588822;10.16963954;1.321274466;8.08434422;8.806747545;9.823313017
11/7/2016;201630;4.007114161;8.325521993;1.252762968;14.70583554;10.1705211;1.312194375;8.081202361;8.81164618;9.823556032
18/7/2016;201631;3.887902152;8.322241152;1.252762968;14.66760325;10.17141652;1.325327816;8.072512074;8.810552266;9.820905503
25/7/2016;201632;3.594874111;8.327729837;1.252762968;14.69266082;10.17221964;1.328551815;8.082783888;8.827826971;9.826019615
1/8/2016;201633;4.009441593;8.329672496;1.252762968;14.69988573;10.17278272;1.328834553;8.111886933;8.834269691;9.828788757
8/8/2016;201634;3.722372871;8.331753276;1.252762968;14.72313996;10.17326744;1.319918309;8.110004938;8.831412605;9.825764859
15/8/2016;201635;4.334734897;8.328641899;1.252762968;14.69538223;10.17372871;1.307325139;8.106856237;8.827803506;9.823851419
22/8/2016;201636;4.400443723;8.324373062;1.252762968;14.70375776;10.17416342;1.321665673;8.110019285;8.829469954;9.821512415
29/8/2016;201637;4.136568861;8.314018242;1.252762968;14.72160506;10.17435825;1.312135355;8.094382513;8.81537862;9.811074576
5/9/2016;201638;3.937964821;8.314411466;1.252762968;14.73264473;10.1744167;1.297439107;8.093265799;8.828070515;9.811265618
12/9/2016;201639;4.057307384;8.309668245;1.252762968;14.74876571;10.17443423;1.289357362;8.085871576;8.831722184;9.810679714
19/9/2016;201640;4.187229463;8.310477524;1.252762968;14.70771622;10.17443949;1.302859992;8.090516299;8.849856109;9.811259126
26/9/2016;201641;4.448838402;8.319785739;1.252762968;14.72651884;10.17462149;1.277224854;8.098722841;8.856195204;9.808565243
3/10/2016;201642;4.025334928;8.33948073;1.252762968;14.71392641;10.17499201;1.270386796;8.103412473;8.854762719;9.80713767
10/10/2016;201643;3.970150741;8.357615407;1.252762968;14.72275507;10.17541899;1.263217633;8.113819276;8.852893698;9.807968852
17/10/2016;201644;3.799721916;8.353803957;1.252762968;14.70532561;10.17586289;1.25591086;8.115761433;8.837312007;9.800764865
24/10/2016;201645;3.704531978;8.353220086;1.252762968;14.72470956;10.17631403;1.259684813;8.122206224;8.83094882;9.820731991
31/10/2016;201646;4.04583175;8.339678783;1.252762968;14.72214095;10.17677508;1.258855777;8.134658939;8.82380835;9.838622923
7/11/2016;201647;3.798272109;8.344535224;1.252762968;14.73175762;10.17723975;1.254448015;8.148558265;8.826173024;9.850136613
14/11/2016;201648;3.762696756;8.342840528;1.252762968;14.72861263;10.17770546;1.254578437;8.166179966;8.821806088;9.856765043
21/11/2016;201649;3.978668451;8.347575457;1.252762968;14.7116383;10.17816119;1.2610248;8.15694119;8.830280158;9.870996132
28/11/2016;201650;4.243737461;8.350294018;1.252762968;14.73963731;10.17849013;1.274344597;8.134291308;8.843051715;9.888150506
5/12/2016;201651;3.849085845;8.335315521;1.252762968;14.73022477;10.17874687;1.27652595;8.116595827;8.855184797;9.89646324
12/12/2016;201652;4.106856579;8.322591707;1.252762968;14.75610342;10.17897048;1.280909527;8.108223673;8.866346506;9.895767545
19/12/2016;201701;3.830105132;8.330584587;1.252762968;14.72471205;10.17920688;1.29825656;8.11553634;8.876554754;9.898429032
26/12/2016;201702;4.075321675;8.339716805;1.252762968;14.7560105;10.17923248;1.28083589;8.114026495;8.888669754;9.89827772
2/1/2017;201703;3.914919293;8.350071818;1.242712633;14.7510259;10.17892372;1.27897286;8.112531197;8.8878033;9.894813632
9/1/2017;201704;4.187308162;8.358828765;1.198306783;14.74536029;10.17851466;1.281826407;8.120282892;8.879973104;9.900723132
16/1/2017;201705;4.246006321;8.351025781;1.184591188;14.69643294;10.17807546;1.282473587;8.120807096;8.874529877;9.900432419
23/1/2017;201706;4.161164817;8.35788066;1.180439557;14.67309942;10.177773;1.27750135;8.125511085;8.880340357;9.907037842
30/1/2017;201707;4.203217791;8.372597967;1.179190699;14.6721196;10.17840955;1.270125439;8.136149681;8.889674805;9.923753533
6/2/2017;201708;3.929033066;8.378187265;1.178815737;14.67785601;10.17947346;1.267902015;8.148874102;8.891770009;9.936642085
13/2/2017;201709;4.118821433;8.384620906;1.178703221;14.65890756;10.1806655;1.261302668;8.145754006;8.897463113;9.946097181
20/2/2017;201710;4.154881651;8.399191969;1.178669464;14.67278389;10.18182763;1.253335684;8.144148252;8.899657862;9.947055663
27/2/2017;201711;4.177525816;8.420092525;1.167831745;14.66790682;10.18256003;1.250933159;8.147796649;8.905127777;9.947491214
6/3/2017;201712;4.247181491;8.445229277;1.119885805;14.6625769;10.18309551;1.240135131;8.149367603;8.904406891;9.940701585
13/3/2017;201713;3.972459927;8.469627323;1.105041997;14.66208281;10.18357201;1.240928687;8.149363654;8.902147792;9.937404914
20/3/2017;201714;4.141462039;8.482390481;1.100545546;14.62428011;10.1840307;1.243187914;8.159549995;8.899287014;9.936435057
27/3/2017;201715;4.446791645;8.489002267;1.099192658;14.66386437;10.18467636;1.231683542;8.161546583;8.901292037;9.933677367
3/4/2017;201716;4.378538042;8.484278104;1.038693298;14.68580148;10.18552217;1.240429582;8.153478184;8.880314606;9.93113498
10/4/2017;201717;3.92182718;8.483032809;1.019805974;14.69834089;10.18642796;1.224695442;8.146470638;8.886621592;9.943677535
17/4/2017;201718;4.03696764;8.486714292;1.014069507;14.65150583;10.18735174;1.230207303;8.137400765;8.888843674;9.948231617
24/4/2017;201719;3.988200142;8.483232055;1.01234213;14.68665949;10.18817792;1.22468139;8.124670428;8.900308428;9.949376802
1/5/2017;201720;3.943988729;8.483909753;0.999017244;14.67687236;10.18874845;1.215780171;8.131117172;8.91387996;9.944958517
8/5/2017;201721;4.178851624;8.486379146;0.941835087;14.67170206;10.18923536;1.208923733;8.140658011;8.921190152;9.950143631
15/5/2017;201722;4.058687151;8.491960426;0.924022785;14.64779867;10.1896972;1.206857601;8.15306659;8.925431064;9.954873053
22/5/2017;201723;4.265308459;8.49277352;0.918616632;14.63797367;10.19014229;1.191461552;8.163592329;8.923614772;9.95935529
29/5/2017;201724;4.110297673;8.489965153;0.91698907;14.68889996;10.19047023;1.184657465;8.170967507;8.920509124;9.965539394
5/6/2017;201725;4.540551221;8.477431958;0.916500285;14.70903822;10.19073187;1.19539714;8.179540976;8.918416214;9.970765494
12/6/2017;201726;4.419421615;8.468803531;0.916353602;14.72097192;10.1909736;1.190115535;8.198532314;8.910714661;9.969797794
19/6/2017;201727;4.016715781;8.478663254;0.916309593;14.72013712;10.19120938;1.179958239;8.201166166;8.905702486;9.971492756
26/6/2017;201728;4.057766006;8.498414806;0.91629639;14.76441677;10.19098816;1.172566186;8.206808915;8.906443282;9.974779949
3/7/2017;201729;3.935573159;8.51634444;0.916292429;14.74266506;10.19028839;1.170337873;8.214715142;8.911537493;9.97899189
10/7/2017;201730;3.967208764;8.523128624;0.916291241;14.74285068;10.189445;1.164220373;8.219549254;8.911367033;9.983019048
17/7/2017;201731;4.280714212;8.530660069;0.916290885;14.6926509;10.1885584;1.156889791;8.224828155;8.913528394;9.99402749
24/7/2017;201732;4.251972276;8.533494588;0.916290778;14.71957431;10.18785261;1.152471551;8.220728338;8.915663144;9.997080894
31/7/2017;201733;4.032631287;8.536005816;0.916290746;14.7241594;10.18789849;1.164338373;8.219299002;8.908949106;9.994729103
7/8/2017;201734;3.955832088;8.541445208;0.916290736;14.73628718;10.18822808;1.16569156;8.227572983;8.907099945;9.991269173
14/8/2017;201735;3.947555059;8.54699366;0.916290733;14.72317553;10.18864282;1.159532466;8.244283313;8.907927853;9.993362921
21/8/2017;201736;4.19428888;8.541757644;0.916290732;14.74372446;10.18908325;1.172956534;8.25084441;8.907197178;9.990322993
28/8/2017;201737;3.888487585;8.547878188;0.916290732;14.75810894;10.18953846;1.157340148;8.251324999;8.903021095;10.00139324
4/9/2017;201738;3.760628417;8.563682479;0.916290732;14.75048192;10.19000133;1.150394145;8.252410967;8.895458392;10.01110581
11/9/2017;201739;3.806387501;8.571326254;0.916290732;14.77413079;10.19046657;1.161534311;8.250017543;8.897420054;10.01327303
18/9/2017;201740;4.076821733;8.591705382;0.916290732;14.72126189;10.19093244;1.158279406;8.256408594;8.91337254;10.02453758
25/9/2017;201741;4.039225299;8.601125932;0.916290732;14.73750843;10.19112309;1.181216275;8.265364551;8.923089506;10.03262456
2/10/2017;201742;3.793156154;8.608794103;0.916290732;14.72364475;10.19086381;1.183719212;8.272339702;8.925253545;10.04375327
9/10/2017;201743;3.72499777;8.614823141;0.916290732;14.72788414;10.19046956;1.180176956;8.28344532;8.923246005;10.05477883
16/10/2017;201744;3.674478559;8.619371787;0.916290732;14.69718099;10.19003486;1.18768641;8.290981601;8.924410833;10.0600773
23/10/2017;201745;3.836726615;8.610563071;0.916290732;14.70873161;10.18974633;1.185659794;8.30396492;8.923598478;10.06367157
30/10/2017;201746;3.738707848;8.589402406;0.916290732;14.70862096;10.19047853;1.189322101;8.315255821;8.912997463;10.06107011
6/11/2017;201747;4.063017082;8.552434478;0.916290732;14.69295219;10.19167546;1.209394907;8.327754485;8.911247548;10.06443638
13/11/2017;201748;4.019726013;8.531605913;0.916290732;14.71946137;10.19301169;1.217413126;8.309938133;8.907288728;10.0786353
20/11/2017;201749;3.914180755;8.51155641;0.916290732;14.69354149;10.19437297;1.221870987;8.30055818;8.903512484;10.09037562
27/11/2017;201750;4.042538877;8.530750201;0.916290732;14.72259858;10.19518983;1.231410713;8.300976226;8.914868609;10.10242392
4/12/2017;201751;4.051848256;8.593894418;0.916290732;14.70958223;10.19559277;1.236290262;8.302176318;8.9259802;10.11269521
11/12/2017;201752;3.92351852;8.610996811;0.916290732;14.73738491;10.19441163;1.255856846;8.301236241;8.93697274;10.11596331
18/12/2017;201801;4.109851664;8.629901916;0.930193637;14.75521689;10.19816872;1.233508383;8.316365341;8.926368835;10.11466936
25/12/2017;201802;3.910027081;8.643859109;0.920481936;14.78186722;10.19696066;1.23488295;8.334562852;8.946222603;10.13654343
1/1/2018;201803;4.045869066;8.659978582;0.917549939;14.78796443;10.19675597;1.243402964;8.349963201;8.951461386;10.15713583
8/1/2018;201804;4.726711947;8.666150283;0.91666866;14.78270463;10.19685255;1.253967342;8.373039807;8.947395203;10.17231148
15/1/2018;201805;4.16981832;8.672605518;0.916404125;14.74625678;10.19703953;1.263071186;8.363527525;8.934338532;10.16979897
22/1/2018;201806;3.948742684;8.652671516;0.916324751;14.7350543;10.19729742;1.261830196;8.326519644;8.898240381;10.12420018
29/1/2018;201807;4.028472399;8.633978923;0.916300938;14.7520736;10.19810191;1.265415129;8.291855022;8.888497683;10.12340529
5/2/2018;201808;3.874107404;8.643417034;0.916293794;14.74983433;10.19921625;1.268458902;8.304174794;8.889119249;10.12590966
12/2/2018;201809;3.811931096;8.634112271;0.91629165;14.7406781;10.20042341;1.261470873;8.306357216;8.884986308;10.12806874
19/2/2018;201810;3.713719955;8.627841843;0.916291007;14.73375976;10.20160487;1.255383311;8.308433088;8.879831454;10.1258931
26/2/2018;201811;3.758803506;8.631891005;0.916290815;14.74349717;10.20213709;1.253549792;8.313769878;8.877143653;10.1250866
5/3/2018;201812;3.823517875;8.622430247;0.916290757;14.73115166;10.2022967;1.268868712;8.304806517;8.861118388;10.10643029
12/3/2018;201813;3.860676578;8.613456901;0.916290739;14.7365783;10.20234458;1.249628904;8.277147126;8.855662174;10.09212603
19/3/2018;201814;3.841640087;8.619635779;0.916290734;14.71656652;10.20235894;1.255819545;8.265533931;8.865386341;10.08991741
26/3/2018;201815;4.074358717;8.629163087;0.916290733;14.7309964;10.20250312;1.253680923;8.267350168;8.881638276;10.09528095
2/4/2018;201816;4.120292092;8.638192026;0.916290732;14.72603199;10.20287273;1.251036993;8.246405042;8.890271118;10.10730561
9/4/2018;201817;4.033496428;8.643110943;0.916290732;14.74640205;10.20330999;1.248235388;8.242043384;8.906001468;10.09918079
16/4/2018;201818;4.029795202;8.64263197;0.916290732;14.69833941;10.20376753;1.231176443;8.238311177;8.920363553;10.09204381
23/4/2018;201819;3.830626753;8.643299016;0.916290732;14.71655486;10.20426102;1.236220329;8.254268342;8.937120679;10.10403115
30/4/2018;201820;3.873590344;8.646546774;0.916290732;14.71095414;10.20487361;1.245816932;8.264174568;8.949711129;10.11313793
7/5/2018;201821;3.870715425;8.635899835;0.916290732;14.72221617;10.20553084;1.238586363;8.261083461;8.957741089;10.11865503
14/5/2018;201822;4.244260707;8.618969892;0.916290732;14.72851274;10.2062015;1.217940672;8.245854421;8.949393542;10.11068327
21/5/2018;201823;3.909200281;8.61621892;0.916290732;14.69028835;10.20687654;1.217895199;8.247393075;8.949572291;10.12366109
28/5/2018;201825;3.815990379;8.602384357;0.916290732;14.71174476;10.20805282;1.215808415;8.209451298;8.941880281;10.11666512
4/6/2018;201826;3.909245465;8.581346492;0.916290732;14.71677193;10.20889488;1.192074073;8.174874514;8.936265198;10.10173826
11/6/2018;201827;3.743430249;8.572293266;0.916290732;14.68041946;10.20963674;1.21644622;8.140193026;8.934816852;10.09996969
18/6/2018;201828;3.719488516;8.57545069;0.916290732;14.7128814;10.21020665;1.209124969;8.146706486;8.9408191;10.11498036
25/6/2018;201830;3.8741755;8.591910023;0.916290732;14.73740047;10.21069354;1.206918101;8.166095222;8.944484538;10.13253806
2/7/2018;201831;3.700533689;8.593660232;0.916290732;14.71910715;10.21099758;1.199949614;8.148782215;8.944668409;10.13866538
9/7/2018;201832;3.539804133;8.58289065;0.916290732;14.71228615;10.21130465;1.193614812;8.126824712;8.948916952;10.1443143
16/7/2018;201835;3.294467435;8.574666458;0.916290732;14.74679953;10.21323263;1.161491768;8.125115222;8.933587492;10.16046809
23/7/2018;201836;3.82596932;8.560170232;0.916290732;14.70759783;10.2144415;1.177857337;8.109793738;8.915521097;10.16315969
30/7/2018;201837;3.558297267;8.568136025;0.916290732;14.76915638;10.21526088;1.17625908;8.088550115;8.900719646;10.16573293
6/8/2018;201838;3.728280737;8.593449189;0.916290732;14.78527729;10.2158329;1.173616719;8.098074773;8.902716179;10.17714236
13/8/2018;201839;3.48937472;8.585798613;0.916290732;14.81936438;10.2163309;1.161931327;8.12366218;8.917338664;10.18171966
20/8/2018;201840;3.449995041;8.579913477;0.916290732;14.77992962;10.21680659;1.158398916;8.112642847;8.915767385;10.18831629
27/8/2018;201841;3.332856827;8.56837331;0.916290732;14.77571078;10.21732078;1.157336754;8.090328553;8.884787327;10.16679188
3/9/2018;201842;3.017191106;8.55069594;0.93363937;14.77832052;10.21794552;1.157017886;8.055896892;8.867453509;10.15301819
10/9/2018;201843;2.945892889;8.54502729;0.988843925;14.80063249;10.21860641;1.154718612;8.066859715;8.855920955;10.13331488
